,unique_values,counts
0,man,4221
1,woman,2998
2,cat,1307
3,suit,1112
4,dog,955
5,Hitler,921
6,dress,543
7,child,528
8,hijab,504
9,flag,436
10,girl,425
11,people,375
12,car,362
13,beard,348
14,baby,342
15,gun,323
16,wheelchair,311
17,chair,308
18,goat,287
19,president,285
20,shirt,278
21,book,232
22,hat,231
23,monkey,220
24,microphone,213
25,person,213
26,tie,204
27,face,184
28,phone,181
29,Trump,179
30,tree,177
31,Turkey,174
32,bomb,158
33,hand,156
34,glass,149
35,image,143
36,object,142
37,wrench,136
38,truck,131
39,knife,129
40,kid,127
41,bed,126
42,trash,125
43,clock,123
44,blanket,118
45,pillow,116
46,laptop,115
47,bag,115
48,door,115
49,mouse,114
50,rainbow,111
51,cup,110
52,cigarette,110
53,fence,106
54,United,104
55,desk,104
56,boy,103
57,money,103
58,bottle,103
59,dishwasher,102
60,table,101
61,States,100
62,hitler,100
63,pope,99
64,wheel,98
65,lion,96
66,food,94
67,basketball,92
68,bread,92
69,gas,91
70,wall,91
71,Donald,91
72,lampshade,90
73,spoon,90
74,day,90
75,beer,90
76,shovel,89
77,head,88
78,cotton,88
79,rock,84
80,muslim,83
81,mustache,82
82,love,81
83,burqa,80
84,skull,80
85,notebook,80
86,shit,80
87,candle,80
88,mouth,79
89,boat,79
90,water,79
91,police,78
92,Islam,78
93,baseball,77
94,cake,77
95,bus,77
96,sign,75
97,smile,75
98,candy,74
99,school,73
100,sandwich,73
101,pig,72
102,horse,72
103,hair,72
104,officer,71
105,bowl,69
106,America,69
107,snow,68
108,kitchen,67
109,banana,67
110,steering,66
111,computer,66
112,bunch,66
113,nose,66
114,ball,66
115,lamp,64
116,couch,63
117,cap,63
118,answer,63
119,soldier,62
120,eye,62
121,bird,61
122,rifle,60
123,post,60
124,Obama,60
125,doll,59
126,wedding,59
127,rice,58
128,Jews,58
129,house,58
130,cloud,58
131,guy,57
132,abortion,57
133,People,57
134,stand,57
135,jacket,57
136,time,56
137,friend,56
138,lock,56
139,islam,56
140,holder,56
141,New,56
142,chain,56
143,life,55
144,mountain,55
145,seat,55
146,group,55
147,terrorist,54
148,clown,54
149,turban,54
150,Muslims,54
151,box,53
152,class,53
153,Trash,53
154,city,52
155,father,52
156,potato,52
157,cross,52
158,mosque,52
159,Putin,52
160,branch,51
161,Goat,51
162,pipe,51
163,gorilla,51
164,Sheep,51
165,cow,51
166,immigration,50
167,birthday,49
168,sunset,49
169,power,49
170,pill,49
171,York,47
172,dinosaur,47
173,religion,47
174,skirt,47
175,fire,46
176,uniform,46
177,toilet,46
178,wine,46
179,mark,46
180,ring,45
181,karate,45
182,robe,45
183,snake,45
184,knob,45
185,cigar,45
186,c,44
187,Run,44
188,Quran,44
189,scarecrow,44
190,bikini,44
191,coffee,44
192,flower,44
193,Pedal,43
194,mirror,43
195,turkey,43
196,Rock,43
197,thing,43
198,chalkboard,43
199,towel,43
200,keyboard,42
201,cane,42
202,son,42
203,cell,42
204,Forest,42
205,stick,42
206,right,41
207,cheerleader,41
208,skateboard,41
209,beach,41
210,team,41
211,question,41
212,pew,41
213,slave,40
214,ice,40
215,card,40
216,bat,40
217,peace,40
218,rope,40
219,bike,39
220,racism,39
221,catch,39
222,world,38
223,way,38
224,army,37
225,daughter,37
226,oven,37
227,Hillary,37
228,podium,37
229,peel,37
230,cream,36
231,US,36
232,country,36
233,tank,36
234,Clinton,36
235,bacon,36
236,bucket,36
237,mermaid,36
238,opener,36
239,crossbow,35
240,couple,35
241,Mark,35
242,calculator,35
243,plate,35
244,Holocaust,35
245,toy,34
246,owner,34
247,machine,34
248,government,34
249,rocket,34
250,Zuckerberg,34
251,fuck,34
252,family,34
253,floor,33
254,bar,33
255,dick,33
256,ship,33
257,fist,33
258,rabbi,33
259,united,33
260,scientist,33
261,ghost,33
262,vacuum,33
263,problem,33
264,bathtub,33
265,toaster,33
266,cop,32
267,cookie,32
268,hoodie,32
269,picture,32
270,bear,32
271,prison,32
272,Prophet,32
273,cleaner,32
274,tattoo,32
275,burka,32
276,Jesus,32
277,Nazi,32
278,states,32
279,park,32
280,rug,31
281,Torah,31
282,year,31
283,field,31
284,condom,31
285,desert,31
286,god,31
287,constitution,31
288,milk,31
289,body,30
290,helmet,30
291,ladder,30
292,fork,30
293,sea,30
294,dish,30
295,handbag,30
296,maker,30
297,Broccoli,29
298,shoe,29
299,ponytail,29
300,chicken,29
301,light,29
302,mother,29
303,backpack,29
304,one,29
305,bitch,29
306,trump,29
307,gift,29
308,ma'am,28
309,Holy,28
310,webcam,28
311,state,28
312,church,28
313,ditch,27
314,animal,27
315,immigrant,27
316,pile,27
317,Party,27
318,secretary,27
319,kettle,27
320,bow,27
321,screwdriver,27
322,road,27
323,fishing,27
324,nazi,27
325,vegetable,27
326,flask,26
327,coat,26
328,cupcake,26
329,knight,26
330,wife,26
331,chick,26
332,suitcase,26
333,brick,26
334,sex,25
335,cracker,25
336,pool,25
337,paper,25
338,universe,25
339,shade,25
340,snowflake,25
341,fish,25
342,pan,25
343,tran,25
344,purse,25
345,meme,25
346,everyone,24
347,Statue,24
348,pizza,24
349,EU,24
350,bush,24
351,speaker,24
352,Liberty,24
353,American,24
354,swimming,24
355,music,24
356,christmas,24
357,hanger,24
358,wallet,24
359,leg,24
360,ass,24
361,scarf,24
362,bra,24
363,party,24
364,Democratic,23
365,trap,23
366,tranny,23
367,campfire,23
368,tower,23
369,Twin,23
370,mess,23
371,pen,23
372,statue,23
373,room,23
374,congress,23
375,race,23
376,gay,23
377,menorah,22
378,wing,22
379,scroll,22
380,Wall,22
381,pride,22
382,track,22
383,tool,22
384,sewing,22
385,lady,22
386,Mosque,22
387,tiger,22
388,tub,22
389,Berlin,22
390,jews,21
391,patient,21
392,bill,21
393,piece,21
394,sleigh,21
395,nothing,21
396,bridge,21
397,tuxedo,21
398,amazon,21
399,Chewbacca,21
400,seashell,21
401,pillowcase,21
402,kangaroo,21
403,crowd,21
404,monitor,21
405,cancer,21
406,border,20
407,strap,20
408,bank,20
409,raincoat,20
410,heart,20
411,coconut,20
412,building,20
413,stethoscope,20
414,spongebob,20
415,sunglass,20
416,ladle,20
417,part,20
418,soap,20
419,belly,20
420,Church,20
421,street,20
422,window,19
423,mousepad,19
424,cityscape,19
425,senate,19
426,chocolate,19
427,bathrobe,19
428,guitar,19
429,tortoise,19
430,trophy,19
431,vice,19
432,vagina,19
433,cowboy,19
434,cereal,19
435,KKK,19
436,cart,19
437,piggy,19
438,cover,19
439,basket,19
440,typewriter,19
441,supporter,18
442,mop,18
443,hammer,18
444,pencil,18
445,otter,18
446,House,18
447,cashier,18
448,jesus,18
449,champ,18
450,speech,18
451,sink,18
452,sky,18
453,chameleon,18
454,God,18
455,Queen,18
456,ruler,18
457,alien,18
458,kind,18
459,pasta,17
460,Fathers,17
461,emblem,17
462,glove,17
463,shotgun,17
464,game,17
465,mine,17
466,pair,17
467,shopping,17
468,-,17
469,mom,17
470,White,17
471,arm,17
472,panda,17
473,diploma,17
474,juice,17
475,sheep,17
476,brain,17
477,belt,17
478,niqab,17
479,front,16
480,needle,16
481,penis,16
482,hit,16
483,can,16
484,Jew,16
485,motherfucker,16
486,launcher,16
487,teapot,16
488,enemy,16
489,tea,16
490,clothe,16
491,star,16
492,classroom,15
493,diaper,15
494,obama,15
495,tractor,15
496,volcano,15
497,plane,15
498,truth,15
499,Stalin,15
500,chance,15
501,thong,15
502,middle,15
503,swing,15
504,Obamas,15
505,Dome,15
506,headscarf,15
507,camp,15
508,Muslim,15
509,Americans,14
510,disorder,14
511,puppy,14
512,name,14
513,crime,14
514,tape,14
515,squirrel,14
516,color,14
517,eagle,14
518,refugee,14
519,afro,14
520,drink,14
521,tongue,14
522,chevy,14
523,pole,14
524,chef,14
525,history,14
526,hood,14
527,wig,14
528,finger,14
529,word,14
530,King,14
531,tragedy,14
532,shrimp,14
533,mask,14
534,white,14
535,Anne,14
536,microwave,14
537,everything,14
538,syringe,14
539,shower,13
540,sister,13
541,job,13
542,letter,13
543,back,13
544,bicycle,13
545,Michelle,13
546,dreadlock,13
547,difference,13
548,stove,13
549,club,13
550,smoke,13
551,today,13
552,up,13
553,handle,13
554,girlfriend,13
555,caption,13
556,soccer,13
557,teacher,13
558,lab,13
559,joke,13
560,husband,13
561,cutter,13
562,devil,13
563,barnyard,13
564,Union,13
565,chamber,13
566,range,13
567,gender,12
568,goal,12
569,tablet,12
570,holocaust,12
571,mexican,12
572,asian,12
573,watermelon,12
574,anything,12
575,death,12
576,hummer,12
577,dad,12
578,crying,12
579,camera,12
580,isis,12
581,gary,12
582,skin,12
583,parent,12
584,look,12
585,allah,12
586,sale,11
587,liberal,11
588,frame,11
589,sharpener,11
590,river,11
591,america,11
592,hospital,11
593,synagogue,11
594,teddy,11
595,voter,11
596,Adolf,11
597,Jack,11
598,shelter,11
599,evolution,11
600,train,11
601,farm,11
602,%,11
603,doctor,11
604,pug,11
605,Martin,11
606,Police,11
607,mind,11
608,home,11
609,security,11
610,sombrero,11
611,air,11
612,following,11
613,sloth,11
614,Bacon,11
615,equipment,11
616,squad,11
617,side,11
618,chin,11
619,spatula,11
620,Luther,11
621,camel,11
622,Africa,10
623,frog,10
624,sari,10
625,football,10
626,background,10
627,shell,10
628,election,10
629,salute,10
630,top,10
631,garbage,10
632,player,10
633,circle,10
634,breast,10
635,crown,10
636,SS,10
637,spot,10
638,bench,10
639,student,10
640,kaftan,10
641,motorcycle,10
642,taxi,10
643,makeup,10
644,World,10
645,San,10
646,denim,10
647,firetruck,10
648,terrorism,10
649,boyfriend,10
650,feminist,10
651,Basilica,10
652,brother,10
653,bullet,10
654,pant,10
655,sun,10
656,soda,10
657,someone,10
658,foot,10
659,violence,10
660,shelf,10
661,de,10
662,orange,10
663,nation,10
664,kitten,10
665,lioness,10
666,ban,10
667,meat,9
668,future,9
669,feeling,9
670,human,9
671,drug,9
672,grenade,9
673,heterosexuality,9
674,costume,9
675,temple,9
676,tv,9
677,yoga,9
678,moon,9
679,news,9
680,internet,9
681,syndrome,9
682,photo,9
683,fun,9
684,piano,9
685,homeland,9
686,crib,9
687,Black,9
688,night,9
689,character,9
690,war,9
691,robot,9
692,Israel,9
693,wind,9
694,Yoda,9
695,gaming,9
696,test,9
697,dispenser,9
698,stump,9
699,mailbox,9
700,X,9
701,television,9
702,washing,9
703,barn,9
704,jew,9
705,humor,9
706,work,9
707,something,9
708,Jr.,9
709,medium,9
710,Frank,9
711,point,8
712,public,8
713,master,8
714,g,8
715,peanut,8
716,skeleton,8
717,scooter,8
718,hate,8
719,place,8
720,priest,8
721,apron,8
722,Radical,8
723,Barack,8
724,lip,8
725,sword,8
726,attack,8
727,idiot,8
728,hooker,8
729,liner,8
730,hell,8
731,grill,8
732,suicide,8
733,blood,8
734,Facebook,8
735,John,8
736,racist,8
737,Sea,8
738,spider,8
739,Zealand,8
740,jail,8
741,space,8
742,taco,8
743,left,8
744,style,8
745,weapon,8
746,law,8
747,toothbrush,8
748,Arc,8
749,black,8
750,weed,8
751,Kaaba,8
752,Mississippi,8
753,Day,8
754,cocaine,8
755,number,8
756,sickle,8
757,gold,8
758,plastic,8
759,steak,8
760,poverty,8
761,open,8
762,teacup,8
763,Center,7
764,egg,7
765,wolf,7
766,butt,7
767,pot,7
768,hole,7
769,million,7
770,parade,7
771,shooting,7
772,marriage,7
773,bookcase,7
774,being,7
775,control,7
776,cash,7
777,bouquet,7
778,prayer,7
779,santa,7
780,tit,7
781,Moron,7
782,date,7
783,tail,7
784,Bible,7
785,Allah,7
786,result,7
787,Spongebob,7
788,Triomphe,7
789,duty,7
790,handcuff,7
791,king,7
792,Louvre,7
793,frank,7
794,War,7
795,disease,7
796,sport,7
797,donkey,7
798,firework,7
799,good,7
800,bomber,7
801,hater,7
802,text,7
803,guess,7
804,graduation,7
805,shot,7
806,net,7
807,angel,7
808,citizen,7
809,Constitution,7
810,democrat,7
811,mouthful,7
812,zombie,7
813,chromosome,7
814,driver,7
815,nurse,7
816,Islamophobia,7
817,Sesame,7
818,soul,7
819,Street,7
820,video,7
821,chemical,7
822,tire,7
823,soup,7
824,chime,7
825,cooker,7
826,criminal,7
827,flagpole,7
828,rat,7
829,nigger,7
830,Coffee,7
831,rod,7
832,shop,7
833,earth,7
834,line,7
835,holiday,7
836,newspaper,7
837,american,6
838,pocketbook,6
839,rape,6
840,republicans,6
841,type,6
842,shield,6
843,Panzer,6
844,ham,6
845,Trans,6
846,democracy,6
847,reason,6
848,button,6
849,selfie,6
850,stone,6
851,Tom,6
852,spirit,6
853,asshole,6
854,service,6
855,swastika,6
856,Tranny,6
857,firefighter,6
858,shame,6
859,ford,6
860,neighbor,6
861,satan,6
862,nail,6
863,illness,6
864,mud,6
865,make,6
866,choice,6
867,popcorn,6
868,Ice,6
869,freedom,6
870,Spirit,6
871,sand,6
872,pork,6
873,Bill,6
874,walmart,6
875,Muhammad,6
876,vodka,6
877,passenger,6
878,hook,6
879,slavery,6
880,queen,6
881,nun,6
882,week,6
883,Handjobs,6
884,military,6
885,guard,6
886,bruise,6
887,community,6
888,whiskey,6
889,jumpsuit,6
890,democrats,6
891,rose,6
892,rugby,6
893,transgender,6
894,gentleman,6
895,minute,6
896,bell,6
897,armor,6
898,male,6
899,Christ,6
900,hamster,6
901,diversity,6
902,deal,6
903,fruit,6
904,strip,6
905,Germans,6
906,State,6
907,vest,6
908,bone,6
909,Towers,6
910,nut,6
911,support,6
912,Islamic,6
913,trip,6
914,Women,6
915,tequila,6
916,bathroom,6
917,golf,6
918,burning,6
919,headset,6
920,Down,6
921,brace,6
922,Christians,6
923,engine,6
924,butter,6
925,call,6
926,thumb,6
927,step,6
928,lie,6
929,movie,6
930,polish,6
931,victim,6
932,planet,6
933,Trade,6
934,baboon,6
935,boob,6
936,east,6
937,healing,6
938,napkin,6
939,Division,6
940,lingerie,5
941,lawn,5
942,interior,5
943,painting,5
944,leather,5
945,privilege,5
946,boxing,5
947,Bernie,5
948,Sanders,5
949,fan,5
950,direction,5
951,shark,5
952,Laden,5
953,Ford,5
954,Speaker,5
955,anne,5
956,pirate,5
957,dollar,5
958,Slavery,5
959,market,5
960,meal,5
961,Iran,5
962,Friday,5
963,Army,5
964,Cambridge,5
965,porn,5
966,Grandma,5
967,heaven,5
968,Pentagon,5
969,register,5
970,Duchess,5
971,health,5
972,brush,5
973,outfit,5
974,judge,5
975,lord,5
976,ant,5
977,blast,5
978,Native,5
979,degree,5
980,Squarepants,5
981,muscle,5
982,runner,5
983,exception,5
984,Fox,5
985,auschwitz,5
986,veil,5
987,ss,5
988,view,5
989,Mexicans,5
990,Pride,5
991,tax,5
992,cheer,5
993,dna,5
994,flavor,5
995,redneck,5
996,alcohol,5
997,agent,5
998,Texas,5
999,Joker,5
1000,lemon,5
1001,diary,5
1002,roll,5
1003,al,5
1004,screen,5
1005,Harry,5
1006,expression,5
1007,tribe,5
1008,French,5
1009,summer,5
1010,tooth,5
1011,speed,5
1012,Monkeys,5
1013,leader,5
1014,art,5
1015,Gospel,5
1016,tray,5
1017,retard,5
1018,lunch,5
1019,boot,5
1020,strength,5
1021,story,5
1022,fucker,5
1023,mosquito,5
1024,Stevie,5
1025,headdress,5
1026,grass,5
1027,Wonder,5
1028,Christmas,5
1029,ramp,5
1030,Joe,5
1031,Biden,5
1032,Michael,5
1033,form,5
1034,concentration,5
1035,bandage,5
1036,abuse,5
1037,rise,5
1038,ape,5
1039,coin,5
1040,idea,5
1041,town,5
1042,jaw,5
1043,broom,5
1044,bin,5
1045,virgin,5
1046,England,5
1047,pudding,4
1048,Terrorist,4
1049,christian,4
1050,plantation,4
1051,jackass,4
1052,match,4
1053,conservative,4
1054,quran,4
1055,duck,4
1056,labor,4
1057,treasury,4
1058,stair,4
1059,jeep,4
1060,gathering,4
1061,superhero,4
1062,lipstick,4
1063,mug,4
1064,spear,4
1065,shirtless,4
1066,BITCHES,4
1067,theater,4
1068,Simulator,4
1069,usa,4
1070,4th,4
1071,July,4
1072,zoroastrian,4
1073,sexism,4
1074,briefcase,4
1075,lynching,4
1076,orangutan,4
1077,cheese,4
1078,trailer,4
1079,crotch,4
1080,Hanks,4
1081,cum,4
1082,youth,4
1083,ginger,4
1084,evil,4
1085,kkk,4
1086,fagot,4
1087,roof,4
1088,wax,4
1089,mexico,4
1090,orgasm,4
1091,dinner,4
1092,explosion,4
1093,cliff,4
1094,organ,4
1095,Google,4
1096,culture,4
1097,cock,4
1098,watch,4
1099,Mexico,4
1100,plant,4
1101,tattooed,4
1102,chest,4
1103,jean,4
1104,flame,4
1105,Stupid,4
1106,investigation,4
1107,Auschwitz,4
1108,toothpaste,4
1109,Pelosi,4
1110,joker,4
1111,mustang,4
1112,farming,4
1113,simulator,4
1114,cannibalism,4
1115,trouble,4
1116,apple,4
1117,morning,4
1118,check,4
1119,deer,4
1120,Wind,4
1121,Chime,4
1122,Supporters,4
1123,prisoner,4
1124,solution,4
1125,Cotton,4
1126,Ones,4
1127,Bin,4
1128,McDonald,4
1129,rohingya,4
1130,event,4
1131,christians,4
1132,bible,4
1133,pussy,4
1134,relationship,4
1135,happiness,4
1136,ex,4
1137,plug,4
1138,taxis,4
1139,stress,4
1140,issue,4
1141,underwear,4
1142,follower,4
1143,symbol,4
1144,bride,4
1145,shooter,4
1146,lot,4
1147,friday,4
1148,zone,4
1149,sweater,4
1150,veteran,4
1151,supremacist,4
1152,Belgians,4
1153,chimpanzee,4
1154,referee,4
1155,fedora,4
1156,vulture,4
1157,india,4
1158,pantie,4
1159,multiculturalism,4
1160,North,4
1161,weekend,4
1162,penguin,4
1163,pedophile,4
1164,chalk,4
1165,neighborhood,4
1166,Italians,4
1167,Poles,4
1168,Dutch,4
1169,therapy,4
1170,autism,4
1171,vaccination,4
1172,Healthcare,4
1173,violet,4
1174,Chicken,4
1175,sin,4
1176,shoulder,4
1177,grocery,4
1178,Klan,4
1179,instructor,4
1180,rapist,4
1181,accident,4
1182,meth,4
1183,down,4
1184,need,4
1185,business,4
1186,attention,4
1187,grandparent,4
1188,blow,4
1189,verse,4
1190,Reich,4
1191,fashion,4
1192,mistake,4
1193,stovetop,4
1194,tent,4
1195,patrol,4
1196,negro,4
1197,Confederate,4
1198,england,4
1199,chewbacca,4
1200,Red,4
1201,clothing,4
1202,none,4
1203,drop,4
1204,Commandments,3
1205,Ten,3
1206,transmission,3
1207,Parkinson,3
1208,license,3
1209,martin,3
1210,bombing,3
1211,fucking,3
1212,luther,3
1213,oil,3
1214,Chillin,3
1215,International,3
1216,tomato,3
1217,member,3
1218,breakfast,3
1219,bakery,3
1220,academy,3
1221,anyone,3
1222,Month,3
1223,airplane,3
1224,set,3
1225,estate,3
1226,key,3
1227,puff,3
1228,first,3
1229,friendship,3
1230,bath,3
1231,tear,3
1232,kissing,3
1233,elevator,3
1234,Democrats,3
1235,ground,3
1236,U.S.,3
1237,pooh,3
1238,lizard,3
1239,past,3
1240,gown,3
1241,goggle,3
1242,noodle,3
1243,coffin,3
1244,iron,3
1245,ancestor,3
1246,murder,3
1247,chip,3
1248,charcoal,3
1249,First,3
1250,bean,3
1251,blackboard,3
1252,II,3
1253,present,3
1254,Edition,3
1255,Bull,3
1256,akbar,3
1257,canada,3
1258,George,3
1259,Washington,3
1260,turtle,3
1261,code,3
1262,everybody,3
1263,assistant,3
1264,figure,3
1265,cm,3
1266,jug,3
1267,swimsuit,3
1268,loyalty,3
1269,Indians,3
1270,Sale,3
1271,thief,3
1272,Weed,3
1273,lgbt,3
1274,Prince,3
1275,Markle,3
1276,Meghan,3
1277,math,3
1278,Supreme,3
1279,height,3
1280,t,3
1281,commerce,3
1282,mat,3
1283,agriculture,3
1284,college,3
1285,defense,3
1286,poop,3
1287,throat,3
1288,level,3
1289,Call,3
1290,change,3
1291,stroller,3
1292,Kim,3
1293,Bush,3
1294,invention,3
1295,Winfrey,3
1296,Oprah,3
1297,kick,3
1298,show,3
1299,Arabia,3
1300,Uncle,3
1301,beat,3
1302,Saudi,3
1303,arrow,3
1304,responsibility,3
1305,groom,3
1306,Navy,3
1307,economy,3
1308,salt,3
1309,wand,3
1310,courtroom,3
1311,bald,3
1312,information,3
1313,order,3
1314,education,3
1315,Fuck,3
1316,sugar,3
1317,matte,3
1318,i,3
1319,Big,3
1320,Ku,3
1321,Klux,3
1322,Duke,3
1323,bit,3
1324,Hiroshima,3
1325,claus,3
1326,dustpan,3
1327,month,3
1328,refrigerator,3
1329,forest,3
1330,fetus,3
1331,store,3
1332,knowledge,3
1333,stomach,3
1334,secret,3
1335,stupidity,3
1336,Bread,3
1337,bartender,3
1338,adult,3
1339,savage,3
1340,Lorenzo,3
1341,africa,3
1342,omar,3
1343,tonight,3
1344,project,3
1345,joy,3
1346,bullshit,3
1347,helicopter,3
1348,fur,3
1349,tour,3
1350,elder,3
1351,restaurant,3
1352,moment,3
1353,slice,3
1354,Tower,3
1355,slip,3
1356,daddy,3
1357,fry,3
1358,influence,3
1359,beauty,3
1360,Gestapo,3
1361,wwii,3
1362,snowman,3
1363,season,3
1364,zebra,3
1365,section,3
1366,success,3
1367,yard,3
1368,Justin,3
1369,radio,3
1370,europe,3
1371,Eucharist,3
1372,fly,3
1373,Orange,3
1374,leaf,3
1375,diver,3
1376,matter,3
1377,weight,3
1378,Mussolini,3
1379,Transgenders,3
1380,Trudeau,3
1381,nativity,3
1382,Bell,3
1383,FÃ¼hrer,3
1384,pistol,3
1385,headphone,3
1386,wood,3
1387,bubble,3
1388,snack,3
1389,energy,3
1390,Captain,3
1391,hallway,3
1392,spinner,3
1393,Reichstag,3
1394,Teeth,3
1395,Chocolate,3
1396,ear,3
1397,Burka,3
1398,safety,3
1399,income,3
1400,stamp,3
1401,Santa,3
1402,Privilege,3
1403,voice,3
1404,email,3
1405,director,3
1406,protest,3
1407,village,3
1408,aid,3
1409,century,3
1410,McCain,3
1411,terror,3
1412,gym,3
1413,livestock,3
1414,size,3
1415,lightsaber,3
1416,gasoline,3
1417,Wheelchair,3
1418,Japanese,3
1419,Force,3
1420,kong,3
1421,gin,3
1422,dream,3
1423,hong,3
1424,abomination,3
1425,society,3
1426,bandana,3
1427,Asians,3
1428,uncle,3
1429,muslims,3
1430,recipe,3
1431,rum,3
1432,Bigfoot,3
1433,detector,3
1434,bunny,3
1435,faceswap,3
1436,trend,3
1437,Thor,3
1438,walker,3
1439,East,3
1440,Marijuana,3
1441,volkswagen,3
1442,Middle,3
1443,price,3
1444,minority,3
1445,Wing,3
1446,sock,3
1447,monster,3
1448,extinguisher,3
1449,Farming,3
1450,ornament,3
1451,Watermelon,3
1452,perk,3
1453,message,3
1454,scale,3
1455,plan,3
1456,knock,3
1457,porsche,3
1458,second,3
1459,comment,3
1460,drinking,3
1461,mechanic,3
1462,Grumpy,3
1463,trunk,3
1464,reality,3
1465,punch,3
1466,kill,3
1467,wizard,3
1468,Happy,3
1469,swimmer,3
1470,parking,3
1471,murderer,3
1472,puzzle,3
1473,mass,3
1474,Representatives,3
1475,scene,3
1476,fear,3
1477,Terrorism,3
1478,President,3
1479,rain,3
1480,ocean,3
1481,companion,3
1482,illegal,3
1483,eyebrow,3
1484,cannabi,3
1485,walk,2
1486,STITCHES,2
1487,priority,2
1488,Children,2
1489,crap,2
1490,miss,2
1491,axe,2
1492,prostitute,2
1493,cleaning,2
1494,Braun,2
1495,blacksmith,2
1496,sheriff,2
1497,wiener,2
1498,extremist,2
1499,dart,2
1500,Eva,2
1501,locker,2
1502,Creepy,2
1503,chimp,2
1504,multi,2
1505,coach,2
1506,PICK,2
1507,rent,2
1508,Jackson,2
1509,Omar,2
1510,shofar,2
1511,Pakistan,2
1512,Tribe,2
1513,Pedophilia,2
1514,opinion,2
1515,threesome,2
1516,Pope,2
1517,koala,2
1518,rating,2
1519,barrel,2
1520,overdose,2
1521,melt,2
1522,dragon,2
1523,pressure,2
1524,Jeff,2
1525,Bridges,2
1526,moustache,2
1527,hobby,2
1528,Dad,2
1529,Extra,2
1530,stocking,2
1531,humanity,2
1532,coke,2
1533,Treason,2
1534,science,2
1535,mainland,2
1536,japan,2
1537,rest,2
1538,surprise,2
1539,Qaeda,2
1540,Modi,2
1541,magazine,2
1542,Virgin,2
1543,Mobile,2
1544,straw,2
1545,london,2
1546,Catholic,2
1547,board,2
1548,material,2
1549,crew,2
1550,tennis,2
1551,Hell,2
1552,Brady,2
1553,headband,2
1554,bully,2
1555,UP,2
1556,debate,2
1557,bass,2
1558,Sam,2
1559,grave,2
1560,dealer,2
1561,drawer,2
1562,junkie,2
1563,Marco,2
1564,online,2
1565,cockroach,2
1566,Poland,2
1567,Hockey,2
1568,thanksgiving,2
1569,uber,2
1570,Frankly,2
1571,pregnancy,2
1572,da,2
1573,injury,2
1574,Organic,2
1575,Vegetable,2
1576,kippah,2
1577,bun,2
1578,notification,2
1579,DJ,2
1580,Khaled,2
1581,corner,2
1582,boner,2
1583,Family,2
1584,Heaven,2
1585,camping,2
1586,f,2
1587,Japan,2
1588,application,2
1589,Retarded,2
1590,August,2
1591,load,2
1592,princess,2
1593,purpose,2
1594,penny,2
1595,album,2
1596,Lincoln,2
1597,red,2
1598,Eiffel,2
1599,e,2
1600,worship,2
1601,d,2
1602,Sheeran,2
1603,Ed,2
1604,fluid,2
1605,sound,2
1606,karen,2
1607,pack,2
1608,heroin,2
1609,christianity,2
1610,crackhouse,2
1611,Rich,2
1612,Adam,2
1613,City,2
1614,dice,2
1615,Taco,2
1616,coaster,2
1617,robber,2
1618,pronoun,2
1619,Europe,2
1620,kg,2
1621,Passover,2
1622,agenda,2
1623,Cocaine,2
1624,Barbecue,2
1625,hanging,2
1626,stock,2
1627,paris,2
1628,foil,2
1629,pic,2
1630,Chambers,2
1631,gangster,2
1632,cost,2
1633,language,2
1634,am,2
1635,shepherd,2
1636,Smith,2
1637,edition,2
1638,manger,2
1639,Air,2
1640,Group,2
1641,entrance,2
1642,wire,2
1643,stereotype,2
1644,runway,2
1645,rate,2
1646,stop,2
1647,Ray,2
1648,thought,2
1649,homosexuality,2
1650,Schiff,2
1651,device,2
1652,pineapple,2
1653,seal,2
1654,quad,2
1655,district,2
1656,Osama,2
1657,noah,2
1658,Lord,2
1659,shape,2
1660,bathing,2
1661,remove,2
1662,hotel,2
1663,Nazis,2
1664,threat,2
1665,Knock,2
1666,switch,2
1667,retold,2
1668,Freeman,2
1669,nigga,2
1670,balcony,2
1671,bedroom,2
1672,worker,2
1673,crusade,2
1674,Muhammed,2
1675,Burrell,2
1676,birth,2
1677,rubber,2
1678,dump,2
1679,reminder,2
1680,sasquatch,2
1681,catfish,2
1682,vibe,2
1683,California,2
1684,China,2
1685,Arab,2
1686,Emirates,2
1687,reaction,2
1688,Cosby,2
1689,tempore,2
1690,troop,2
1691,construction,2
1692,dis,2
1693,target,2
1694,melon,2
1695,carrot,2
1696,rule,2
1697,Seagulls,2
1698,Sikh,2
1699,jewish,2
1700,stack,2
1701,russian,2
1702,cool,2
1703,potassium,2
1704,roast,2
1705,cowgirl,2
1706,belief,2
1707,nap,2
1708,handjob,2
1709,shemale,2
1710,insurance,2
1711,Korea,2
1712,bee,2
1713,rosary,2
1714,ribbon,2
1715,crucifix,2
1716,Ernie,2
1717,viking,2
1718,iodide,2
1719,ketchup,2
1720,Mitt,2
1721,eater,2
1722,soil,2
1723,declaration,2
1724,Building,2
1725,feminism,2
1726,Ex,2
1727,manager,2
1728,psychopath,2
1729,lebanon,2
1730,Romney,2
1731,remover,2
1732,Shit,2
1733,portrait,2
1734,Chicago,2
1735,corn,2
1736,puss,2
1737,curtain,2
1738,Hamm,2
1739,Ramadhan,2
1740,husky,2
1741,fight,2
1742,path,2
1743,crisis,2
1744,Haram,2
1745,memorial,2
1746,vampire,2
1747,salesman,2
1748,castle,2
1749,gate,2
1750,dirt,2
1751,Nancy,2
1752,four,2
1753,propaganda,2
1754,Class,2
1755,Great,2
1756,Twitter,2
1757,Congress,2
1758,burqas,2
1759,Court,2
1760,socialism,2
1761,Eggs,2
1762,mail,2
1763,mailman,2
1764,cage,2
1765,scare,2
1766,uk,2
1767,britain,2
1768,european,2
1769,crematorium,2
1770,pajama,2
1771,ya,2
1772,Jon,2
1773,outlet,2
1774,trench,2
1775,diamond,2
1776,grandma,2
1777,faith,2
1778,buddha,2
1779,band,2
1780,scandal,2
1781,J,2
1782,athlete,2
1783,wisdom,2
1784,taste,2
1785,cult,2
1786,plague,2
1787,office,2
1788,Hunger,2
1789,pose,2
1790,scissor,2
1791,vote,2
1792,shadow,2
1793,dolphin,2
1794,a,2
1795,W,2
1796,Scouts,2
1797,biology,2
1798,hoe,2
1799,gnome,2
1800,ink,2
1801,germany,2
1802,chimney,2
1803,Charles,2
1804,bro,2
1805,Cate,2
1806,Blanchett,2
1807,yesterday,2
1808,Columbus,2
1809,laugh,2
1810,cue,2
1811,Homosexuality,2
1812,landmine,2
1813,casket,2
1814,Crime,2
1815,smell,2
1816,chase,2
1817,row,2
1818,nobody,2
1819,circus,2
1820,giraffe,2
1821,sentence,2
1822,snail,2
1823,Laughs,2
1824,cube,2
1825,mode,2
1826,Mud,2
1827,employee,2
1828,minor,2
1829,crocodile,2
1830,mean,2
1831,punching,2
1832,heel,2
1833,thug,2
1834,disability,2
1835,patience,2
1836,buck,2
1837,blackhead,2
1838,90,2
1839,skunk,2
1840,sheet,2
1841,play,2
1842,mankind,2
1843,Melania,2
1844,rally,2
1845,site,2
1846,socialist,2
1847,definition,2
1848,Handjob,2
1849,exercise,2
1850,phobia,2
1851,shuttle,2
1852,reparation,2
1853,jack,2
1854,myth,2
1855,pokemon,2
1856,ignorance,2
1857,moral,2
1858,latinos,2
1859,package,2
1860,jerk,2
1861,discourse,2
1862,living,2
1863,chinese,2
1864,indians,2
1865,mayor,2
1866,plow,2
1867,bulldog,2
1868,junk,2
1869,map,2
1870,hamburger,2
1871,telescope,2
1872,period,2
1873,Netherlands,2
1874,powder,2
1875,cola,2
1876,respect,2
1877,Beer,2
1878,van,2
1879,Camel,2
1880,Games,2
1881,list,2
1882,drone,2
1883,staff,2
1884,burger,2
1885,dodge,2
1886,march,2
1887,archaeologist,2
1888,cause,2
1889,stuff,2
1890,hour,2
1891,flight,2
1892,bikinis,2
1893,sunday,2
1894,invader,2
1895,tube,2
1896,grif,2
1897,crash,2
1898,attendant,2
1899,barbie,2
1900,Caravan,2
1901,treasure,2
1902,blacker,2
1903,dalai,2
1904,Officer,2
1905,Kong,2
1906,collar,2
1907,onion,2
1908,Department,2
1909,unicorn,2
1910,CHAMPION,2
1911,Soviet,2
1912,hide,2
1913,penalty,2
1914,jungle,2
1915,pilot,2
1916,theory,2
1917,new,2
1918,ability,2
1919,cord,2
1920,fighter,2
1921,homosexual,2
1922,bigfoot,2
1923,whale,2
1924,bug,2
1925,knee,2
1926,netflix,2
1927,attorney,2
1928,meeting,2
1929,anger,2
1930,anxiety,2
1931,Halal,2
1932,Midler,2
1933,crack,2
1934,chow,2
1935,berry,2
1936,screenplay,2
1937,alphabet,2
1938,Potato,2
1939,parachute,2
1940,Bette,2
1941,witch,2
1942,Skeleton,2
1943,cylinder,2
1944,dum,2
1945,valentine,2
1946,australia,2
1947,torch,2
1948,News,2
1949,Jerky,2
1950,wanna,2
1951,contender,2
1952,neck,2
1953,shithead,2
1954,Sex,2
1955,lama,2
1956,generation,2
1957,chu,2
1958,general,2
1959,FBI,2
1960,demon,2
1961,indian,2
1962,midget,2
1963,ashe,2
1964,Cinco,2
1965,Mayo,2
1966,dust,2
1967,Opie,2
1968,us,2
1969,bastard,2
1970,rabbit,2
1971,Butt,2
1972,leak,2
1973,gang,2
1974,cape,2
1975,Dre,2
1976,system,2
1977,Empire,2
1978,Blowjobs,2
1979,Roman,2
1980,mohammedan,2
1981,Norris,2
1982,effect,2
1983,steroid,2
1984,douchebag,2
1985,killing,2
1986,honor,2
1987,photoshop,2
1988,silence,2
1989,landing,2
1990,menu,2
1991,interview,2
1992,singing,2
1993,Bird,2
1994,farmer,2
1995,butterfly,2
1996,raisin,2
1997,Parole,2
1998,rare,2
1999,sleep,2
2000,Transgender,2
2001,insult,2
2002,booty,2
2003,fat,2
2004,appliance,2
2005,Clintons,2
2006,jumper,2
2007,tornado,2
2008,storm,2
2009,guinea,2
2010,dancer,2
2011,position,2
2012,Nein,2
2013,dumbass,2
2014,homicide,2
2015,Period,2
2016,paddle,2
2017,crutch,2
2018,smoking,2
2019,prince,2
2020,brotherhood,2
2021,politician,2
2022,Golden,2
2023,return,2
2024,dating,2
2025,zoo,2
2026,crosswalk,2
2027,mantis,2
2028,contact,2
2029,Heroin,2
2030,mac,2
2031,coolant,2
2032,Senate,2
2033,chew,2
2034,cub,2
2035,attitude,2
2036,revenge,2
2037,hockey,2
2038,wave,2
2039,Morgan,2
2040,Chuck,2
2041,coast,2
2042,halloween,2
2043,vet,2
2044,beaker,2
2045,literature,2
2046,Canada,2
2047,Ben,2
2048,Granny,2
2049,cunt,2
2050,remain,2
2051,gymnast,2
2052,noise,2
2053,Lady,2
2054,lesbian,2
2055,somebody,2
2056,Coke,2
2057,south,2
2058,depression,2
2059,customer,2
2060,easter,2
2061,congratulation,2
2062,Hand,2
2063,tambourine,2
2064,handbook,2
2065,wrestling,2
2066,admin,2
2067,lampsh,2
2068,dildo,2
2069,christ,2
2070,outta,2
2071,assault,2
2072,miner,2
2073,subway,2
2074,pit,2
2075,Brad,2
2076,ideology,2
2077,anybody,2
2078,Pitt,2
2079,brand,2
2080,Fucker,2
2081,station,2
2082,chill,2
2083,Chan,2
2084,marrie,2
2085,Nails,2
2086,swim,2
2087,Batman,2
2088,Grand,2
2089,gingerbread,2
2090,fu,2
2091,kung,2
2092,laundry,2
2093,squirter,2
2094,Walmart,2
2095,wendy,2
2096,beagle,2
2097,kufi,2
2098,Rep,2
2099,martini,2
2100,Third,2
2101,root,2
2102,Kennedy,2
2103,Rice,2
2104,trade,2
2105,russians,2
2106,traffic,2
2107,proton,2
2108,deficient,2
2109,Ahmed,2
2110,Avengers,2
2111,kiss,2
2112,discrimination,2
2113,raccoon,2
2114,Homosexual,1
2115,"sentence,'she",1
2116,sagas,1
2117,Settler,1
2118,excuse,1
2119,driving,1
2120,Jorjans,1
2121,Soldiers,1
2122,Anti,1
2123,addiction,1
2124,dude,1
2125,inmate,1
2126,deluxe,1
2127,Bane,1
2128,horn,1
2129,Antifa,1
2130,boxer,1
2131,promoter,1
2132,arab,1
2133,species,1
2134,thaw,1
2135,McChicken,1
2136,Roseanne,1
2137,semicolon,1
2138,Farmville,1
2139,Korean,1
2140,Arabs,1
2141,Soul,1
2142,Talmud,1
2143,Midrash,1
2144,jimmy,1
2145,transubstantiation,1
2146,technician,1
2147,Dispatcher,1
2148,pet,1
2149,practice,1
2150,beetle,1
2151,Zealander,1
2152,cellphone,1
2153,binary,1
2154,palestine,1
2155,funeral,1
2156,warrior,1
2157,fuel,1
2158,demographic,1
2159,jet,1
2160,Vladimir,1
2161,Ni,1
2162,Knights,1
2163,Sitting,1
2164,cycling,1
2165,vacation,1
2166,arie,1
2167,corgi,1
2168,auszitwiz,1
2169,Half,1
2170,Honky,1
2171,orlando,1
2172,Donkey,1
2173,hardwork,1
2174,dummy,1
2175,Cornbread,1
2176,ATTACK,1
2177,Wolf,1
2178,survivor,1
2179,marine,1
2180,stadium,1
2181,blind,1
2182,fact,1
2183,un,1
2184,popsicle,1
2185,nc,1
2186,Queens,1
2187,Drag,1
2188,Trope,1
2189,controversy,1
2190,flour,1
2191,facepalm,1
2192,creme,1
2193,Toast,1
2194,klan,1
2195,Massa,1
2196,garden,1
2197,hazmat,1
2198,bondage,1
2199,Jerk,1
2200,Oscar,1
2201,momma,1
2202,mainlander,1
2203,possum,1
2204,Abigail,1
2205,glory,1
2206,Adams,1
2207,experiment,1
2208,habitat,1
2209,Abraham,1
2210,cooler,1
2211,Mooch,1
2212,workplace,1
2213,bottom,1
2214,barber,1
2215,caesarian,1
2216,pedophilia,1
2217,mush,1
2218,almond,1
2219,nanoterrorism,1
2220,bulldozer,1
2221,exemption,1
2222,Honey,1
2223,Liberal,1
2224,percent,1
2225,corpse,1
2226,sandcastle,1
2227,web,1
2228,men,1
2229,Hair,1
2230,Badger,1
2231,WWE,1
2232,piss,1
2233,blender,1
2234,mohammed,1
2235,Netanyahu,1
2236,seatbelt,1
2237,werewolf,1
2238,dong,1
2239,inch,1
2240,heecead,1
2241,gamer,1
2242,eit,1
2243,SMELL,1
2244,excitement,1
2245,grape,1
2246,Next,1
2247,sailor,1
2248,necklace,1
2249,petition,1
2250,capital,1
2251,Minister,1
2252,thrower,1
2253,pimp,1
2254,impreparable,1
2255,35th,1
2256,Prime,1
2257,shawl,1
2258,Jr,1
2259,payer,1
2260,camo,1
2261,Cowboys,1
2262,playing,1
2263,racing,1
2264,nationalism,1
2265,Amish,1
2266,dune,1
2267,camouflage,1
2268,boi,1
2269,truffle,1
2270,shariah,1
2271,sperm,1
2272,Barr,1
2273,medication,1
2274,Pro,1
2275,Zuckerman,1
2276,luck,1
2277,harassment,1
2278,Loss,1
2279,surfboard,1
2280,signal,1
2281,smoker,1
2282,research,1
2283,tuesday,1
2284,alcoholism,1
2285,grandmaster,1
2286,guilt,1
2287,other,1
2288,salary,1
2289,FISH,1
2290,villain,1
2291,astronaut,1
2292,hony,1
2293,prostitution,1
2294,Boobs,1
2295,turbulence,1
2296,motivation,1
2297,Priscilla,1
2298,spur,1
2299,comb,1
2300,appeal,1
2301,see,1
2302,hairbrush,1
2303,Dead,1
2304,Other,1
2305,Clint,1
2306,Australian,1
2307,Octopus,1
2308,patriot,1
2309,court,1
2310,sadness,1
2311,Redemption,1
2312,menace,1
2313,case,1
2314,circuit,1
2315,Parental,1
2316,biochemist,1
2317,Opioid,1
2318,editor,1
2319,resolution,1
2320,JUNE,1
2321,GO,1
2322,Devil,1
2323,Food,1
2324,superwoman,1
2325,airhead,1
2326,coca,1
2327,douche,1
2328,wonder,1
2329,willie,1
2330,half,1
2331,mommy,1
2332,Missippi,1
2333,sunflower,1
2334,ewok,1
2335,gag,1
2336,meatloaf,1
2337,teen,1
2338,scythe,1
2339,goldfish,1
2340,Stuffed,1
2341,Animals,1
2342,ace,1
2343,Mexican,1
2344,Ineligence,1
2345,Gala,1
2346,Met,1
2347,Automatic,1
2348,Post,1
2349,boss,1
2350,banner,1
2351,Sunnah,1
2352,headache,1
2353,rhino,1
2354,Tape,1
2355,Space,1
2356,Use,1
2357,cannabis,1
2358,cooking,1
2359,independence,1
2360,ukulele,1
2361,insulin,1
2362,F.,1
2363,ruling,1
2364,Beethoven,1
2365,alpine,1
2366,Rebuilt,1
2367,raider,1
2368,aircraft,1
2369,ghostsbuster,1
2370,Subculture,1
2371,Clash,1
2372,Avocado,1
2373,milkshake,1
2374,land,1
2375,backyard,1
2376,Immigrants,1
2377,apostle,1
2378,globalist,1
2379,sweden,1
2380,opportunity,1
2381,chris,1
2382,Celebration,1
2383,wallmart,1
2384,homelessness,1
2385,Hadith,1
2386,Master,1
2387,dead,1
2388,freckle,1
2389,std,1
2390,coward,1
2391,FUR,1
2392,Automotive,1
2393,rooster,1
2394,MISSILE,1
2395,meaning,1
2396,widow,1
2397,git,1
2398,neutron,1
2399,electron,1
2400,donation,1
2401,hucker,1
2402,ree,1
2403,overheat,1
2404,protester,1
2405,supreme,1
2406,Frog,1
2407,duramax,1
2408,reconstruction,1
2409,Ghetto,1
2410,panther,1
2411,fantasy,1
2412,strin,1
2413,Sloth,1
2414,belgium,1
2415,omg,1
2416,rspca,1
2417,technology,1
2418,Forrest,1
2419,afghanistan,1
2420,pedigree,1
2421,Batsman,1
2422,hill,1
2423,song,1
2424,Earth,1
2425,graveyard,1
2426,tombstone,1
2427,Congratulations,1
2428,Meg,1
2429,toast,1
2430,value,1
2431,x,1
2432,dictionary,1
2433,lash,1
2434,Eastwood,1
2435,AUGUST,1
2436,Thailand,1
2437,cartridge,1
2438,candidacy,1
2439,firecracker,1
2440,groot,1
2441,carriage,1
2442,design,1
2443,inhalal,1
2444,tulp,1
2445,Axe,1
2446,action,1
2447,waterin,1
2448,uder,1
2449,intelligence,1
2450,nagger,1
2451,Paris,1
2452,Loretta,1
2453,Lynch,1
2454,Cathedral,1
2455,Fact,1
2456,Aim,1
2457,Taking,1
2458,Freedom,1
2459,Electric,1
2460,skinny,1
2461,ahh,1
2462,Shite,1
2463,gettin,1
2464,kinda,1
2465,bored,1
2466,beatle,1
2467,cassidy,1
2468,impeachment,1
2469,ratchet,1
2470,crop,1
2471,Rule,1
2472,Destructive,1
2473,instrument,1
2474,homophobe,1
2475,Sexism,1
2476,everyday,1
2477,Macarana,1
2478,cure,1
2479,force,1
2480,ScarJo,1
2481,Dame,1
2482,christma,1
2483,Notre,1
2484,synagog,1
2485,goofucker,1
2486,dud,1
2487,vay,1
2488,swallow,1
2489,pho,1
2490,baker,1
2491,fritz,1
2492,duke,1
2493,survival,1
2494,plenty,1
2495,bead,1
2496,goatee,1
2497,progeria,1
2498,Newest,1
2499,testing,1
2500,Racin,1
2501,Baseball,1
2502,Cocoa,1
2503,twerk,1
2504,go,1
2505,waist,1
2506,teenager,1
2507,Cities,1
2508,Sanctuary,1
2509,bolt,1
2510,Klans,1
2511,amputee,1
2512,affair,1
2513,Snackaboo,1
2514,administration,1
2515,freak,1
2516,shithole,1
2517,islamabad,1
2518,metal,1
2519,congressman,1
2520,spaghetti,1
2521,weiner,1
2522,Francis,1
2523,homos,1
2524,basis,1
2525,grandfather,1
2526,Dumb,1
2527,preference,1
2528,dread,1
2529,puto,1
2530,waffle,1
2531,anthem,1
2532,yoouuuuuuuuuuuuuuuuuuuuuuuuuuuuuuuuuuuuuuuuuuuuuuuuuuuuuuuuuuuuuuuuuuuuuuuuuuuuuuuuuuuuuuuuuuuuuuuuuuuuuuuuuuuuuuuuuuuuuuuuuuuuuuuuuuuuuuuuuuuuuuuuuuuuuuuuuuuuu,1
2533,amulet,1
2534,umbra,1
2535,arabian,1
2536,Z,1
2537,dumpster,1
2538,Ball,1
2539,Dragon,1
2540,pedal,1
2541,Hate,1
2542,Dancer,1
2543,frown,1
2544,Leader,1
2545,victoria,1
2546,catholic,1
2547,Vegetables,1
2548,excavation,1
2549,battlefield,1
2550,thank,1
2551,remorse,1
2552,lotion,1
2553,Gas,1
2554,gum,1
2555,monk,1
2556,sc,1
2557,Bert,1
2558,Screams,1
2559,jackhead,1
2560,strike,1
2561,bud,1
2562,VW,1
2563,Veterans,1
2564,snowball,1
2565,paratrooper,1
2566,dispatch,1
2567,Feminism,1
2568,Medicine,1
2569,fitr,1
2570,sunblock,1
2571,wash,1
2572,pilgrimage,1
2573,marvin,1
2574,scorpion,1
2575,fitness,1
2576,lad,1
2577,non,1
2578,pvp,1
2579,Beetle,1
2580,Volkswagen,1
2581,celsius,1
2582,incenation,1
2583,self,1
2584,implant,1
2585,eid,1
2586,driveway,1
2587,choir,1
2588,lace,1
2589,hindu,1
2590,villager,1
2591,whiteboard,1
2592,Bus,1
2593,motorcade,1
2594,Lamb,1
2595,Lexus,1
2596,anchor,1
2597,derp,1
2598,shagging,1
2599,Vatican,1
2600,attempt,1
2601,Neandertal,1
2602,checkpoint,1
2603,batmobile,1
2604,slogan,1
2605,kupfah,1
2606,hyena,1
2607,cockatoo,1
2608,content,1
2609,source,1
2610,November,1
2611,pinger,1
2612,shave,1
2613,UNCLEAN,1
2614,PORK,1
2615,cloak,1
2616,cowbell,1
2617,chiroform,1
2618,classic,1
2619,disney,1
2620,Pooh,1
2621,while,1
2622,passion,1
2623,grip,1
2624,Winnie,1
2625,cis,1
2626,counter,1
2627,Rubbery,1
2628,punishment,1
2629,mitt,1
2630,stall,1
2631,prejudice,1
2632,raft,1
2633,smooch,1
2634,Punishment,1
2635,Fahrenheit,1
2636,Capital,1
2637,koran,1
2638,whistle,1
2639,pm,1
2640,jovi,1
2641,zuma,1
2642,habit,1
2643,Caramel,1
2644,clothesline,1
2645,potter,1
2646,harry,1
2647,parrot,1
2648,constituency,1
2649,core,1
2650,raman,1
2651,Cameron,1
2652,David,1
2653,fut,1
2654,Ethiopia,1
2655,ji,1
2656,poodle,1
2657,Emperor,1
2658,Laguna,1
2659,nacs,1
2660,Cornwalls,1
2661,leadership,1
2662,trumptanzie,1
2663,elf,1
2664,demonstration,1
2665,Beauty,1
2666,Demolition,1
2667,Peanuts,1
2668,matzo,1
2669,bedtime,1
2670,greenhouse,1
2671,avocado,1
2672,Selassie,1
2673,Haile,1
2674,gayness,1
2675,meh,1
2676,trick,1
2677,parasite,1
2678,Ugly,1
2679,Myers,1
2680,Krueger,1
2681,motor,1
2682,Freddy,1
2683,neuron,1
2684,Voorhees,1
2685,Jason,1
2686,award,1
2687,impression,1
2688,African,1
2689,VR,1
2690,MUSLIM,1
2691,challah,1
2692,Pornhub,1
2693,tin,1
2694,BOWLS,1
2695,BROOMS,1
2696,BATHROOM,1
2697,appie,1
2698,search,1
2699,andarwin,1
2700,Explorer,1
2701,imprisonment,1
2702,Dora,1
2703,trainer,1
2704,Future,1
2705,bleach,1
2706,masturbating,1
2707,cocoa,1
2708,parcel,1
2709,steve,1
2710,Gaga,1
2711,Russia,1
2712,pong,1
2713,Sarina,1
2714,ping,1
2715,Bob,1
2716,fryer,1
2717,german,1
2718,climber,1
2719,Ross,1
2720,oyster,1
2721,somb,1
2722,ancestry,1
2723,picker,1
2724,analyst,1
2725,gallow,1
2726,awareness,1
2727,buffalo,1
2728,BROS,1
2729,HACKER,1
2730,whip,1
2731,leash,1
2732,Inequality,1
2733,com,1
2734,pancake,1
2735,dragonfly,1
2736,Saviour,1
2737,Lawn,1
2738,BANAN,1
2739,HILLS,1
2740,tramp,1
2741,BOMB,1
2742,EIST,1
2743,ARMY,1
2744,asians,1
2745,foam,1
2746,calorie,1
2747,Go,1
2748,garb,1
2749,Cup,1
2750,homelessnes,1
2751,push,1
2752,font,1
2753,pea,1
2754,example,1
2755,Hairline,1
2756,Talhan,1
2757,anniversary,1
2758,Bingo,1
2759,jr,1
2760,restroom,1
2761,sheik,1
2762,chromie,1
2763,beast,1
2764,thermometer,1
2765,cave,1
2766,sleeve,1
2767,Inu,1
2768,Shiba,1
2769,Hillsborough,1
2770,struggle,1
2771,Elizabeth,1
2772,Deer,1
2773,competition,1
2774,bodybuilding,1
2775,antler,1
2776,Fook,1
2777,pointing,1
2778,Delilah,1
2779,trumpet,1
2780,scam,1
2781,KENYA,1
2782,hump,1
2783,cook,1
2784,Basketballs,1
2785,9th,1
2786,Gay,1
2787,BURN,1
2788,wheat,1
2789,grain,1
2790,SAGIN,1
2791,h,1
2792,Bank,1
2793,keeper,1
2794,hwat,1
2795,bullying,1
2796,fall,1
2797,kool,1
2798,raptor,1
2799,union,1
2800,warning,1
2801,BRO,1
2802,HI5,1
2803,IAGREE,1
2804,korea,1
2805,north,1
2806,flop,1
2807,fuckin,1
2808,nandor,1
2809,birthmark,1
2810,Suspect,1
2811,Orthodox,1
2812,Holes,1
2813,sidewalk,1
2814,comedy,1
2815,amendment,1
2816,blowjob,1
2817,Elleth,1
2818,tepee,1
2819,homosapien,1
2820,kitty,1
2821,Rose,1
2822,ISIS,1
2823,Impeachment,1
2824,Prison,1
2825,tap,1
2826,corruption,1
2827,witchin,1
2828,relative,1
2829,katana,1
2830,hippo,1
2831,gallon,1
2832,FIFA,1
2833,beatdown,1
2834,kodiak,1
2835,herp,1
2836,Sweaty,1
2837,Gangsta,1
2838,goodbye,1
2839,flush,1
2840,break,1
2841,kitchenware,1
2842,emoji,1
2843,goodyear,1
2844,Life,1
2845,hippie,1
2846,dachshund,1
2847,Lives,1
2848,carpet,1
2849,operation,1
2850,dozen,1
2851,rap,1
2852,Voting,1
2853,Towels,1
2854,hogwart,1
2855,penetrationation,1
2856,spacecraft,1
2857,Lemons,1
2858,yolo,1
2859,Heads,1
2860,Kangaroo,1
2861,stance,1
2862,Memorial,1
2863,Monument,1
2864,picnic,1
2865,blazer,1
2866,Anakin,1
2867,Thrones,1
2868,Game,1
2869,nonsense,1
2870,Skywalker,1
2871,Bullshit,1
2872,chan,1
2873,Factor,1
2874,company,1
2875,Cube,1
2876,sa,1
2877,activist,1
2878,lyric,1
2879,majority,1
2880,KFC,1
2881,Elmo,1
2882,july,1
2883,Instructor,1
2884,Apostles,1
2885,kumquat,1
2886,Super,1
2887,Francisco,1
2888,containment,1
2889,dah,1
2890,ousswitz,1
2891,Destruction,1
2892,kooky,1
2893,Cookie,1
2894,pound,1
2895,risk,1
2896,compliment,1
2897,Highlights,1
2898,bruce,1
2899,candlestick,1
2900,alexpress,1
2901,shrew,1
2902,taming,1
2903,India,1
2904,Hindu,1
2905,archaeology,1
2906,jenner,1
2907,witness,1
2908,wrapper,1
2909,cnn,1
2910,Bowl,1
2911,mission,1
2912,Republican,1
2913,Pineapple,1
2914,Undocumented,1
2915,mornin,1
2916,Breakfast,1
2917,trespasser,1
2918,roommate,1
2919,allahu,1
2920,cast,1
2921,yamake,1
2922,Will,1
2923,texting,1
2924,Hamster,1
2925,bestie,1
2926,Democrat,1
2927,SHIT,1
2928,Gangster,1
2929,Straight,1
2930,jewler,1
2931,piglet,1
2932,wombat,1
2933,Hippos,1
2934,affiliation,1
2935,knuckle,1
2936,fine,1
2937,pumpkin,1
2938,whispering,1
2939,registration,1
2940,aneschwitz,1
2941,model,1
2942,Zuckberg,1
2943,Wurst,1
2944,coffe,1
2945,premiere,1
2946,Season,1
2947,stave,1
2948,israelis,1
2949,roger,1
2950,monopoly,1
2951,shaving,1
2952,skate,1
2953,hack,1
2954,obstruction,1
2955,pay,1
2956,run,1
2957,working,1
2958,aunt,1
2959,wie,1
2960,Reserve,1
2961,Federal,1
2962,population,1
2963,charge,1
2964,Club,1
2965,Strip,1
2966,Isis,1
2967,Vissel,1
2968,smiler,1
2969,grandmother,1
2970,groud,1
2971,Hala,1
2972,Russian,1
2973,tyone,1
2974,basement,1
2975,blade,1
2976,razor,1
2977,kittens,1
2978,Investigation,1
2979,Freakin,1
2980,spring,1
2981,columbus,1
2982,feather,1
2983,sailing,1
2984,Drinkers,1
2985,siren,1
2986,Leonardo,1
2987,F-150,1
2988,Trek,1
2989,Star,1
2990,atom,1
2991,toyes,1
2992,guest,1
2993,priceless,1
2994,pisasso,1
2995,mile,1
2996,Alcohol,1
2997,charming,1
2998,peter,1
2999,growth,1
3000,martinis,1
3001,DiCaprio,1
3002,Peter,1
3003,St,1
3004,dome,1
3005,rub,1
3006,tripping,1
3007,chainsaw,1
3008,Supremacists,1
3009,Elton,1
3010,constantine,1
3011,rapper,1
3012,chart,1
3013,luxury,1
3014,Islamism,1
3015,fascist,1
3016,Ceremony,1
3017,cocktail,1
3018,hostess,1
3019,pinto,1
3020,experience,1
3021,kuffar,1
3022,hispanic,1
3023,Hummer,1
3024,cker,1
3025,Graduation,1
3026,scorer,1
3027,dene,1
3028,bunning,1
3029,fertilizer,1
3030,airport,1
3031,Giovanni,1
3032,Laterano,1
3033,Lucina,1
3034,Egypt,1
3035,ledge,1
3036,Book,1
3037,graphing,1
3038,geometry,1
3039,Algebra,1
3040,google,1
3041,hebrews,1
3042,jewellery,1
3043,addict,1
3044,sham,1
3045,totalitarianism,1
3046,commandment,1
3047,CIA,1
3048,navy,1
3049,unity,1
3050,ill,1
3051,mississippi,1
3052,Reparations,1
3053,supercenter,1
3054,fox,1
3055,arturia,1
3056,asbestos,1
3057,Miss,1
3058,sagan,1
3059,Civil,1
3060,loss,1
3061,melanin,1
3062,Gentlemen,1
3063,fabric,1
3064,copucker,1
3065,Husin,1
3066,Nabi,1
3067,sunflock,1
3068,weepermentality,1
3069,Skydiving,1
3070,furnight,1
3071,twin,1
3072,Nagasaki,1
3073,Lunch,1
3074,Vincoli,1
3075,Damaso,1
3076,clipper,1
3077,sehr,1
3078,ich,1
3079,dank,1
3080,norwegian,1
3081,latina,1
3082,latte,1
3083,fuckup,1
3084,regiman,1
3085,Crew,1
3086,Management,1
3087,Syndrome,1
3088,weave,1
3089,challenge,1
3090,Vagina,1
3091,latino,1
3092,greeting,1
3093,plaid,1
3094,nude,1
3095,Declaration,1
3096,Independence,1
3097,Rights,1
3098,supplier,1
3099,windshield,1
3100,Monkey,1
3101,dial,1
3102,pin,1
3103,hote,1
3104,Merkel,1
3105,Robinson,1
3106,Tommy,1
3107,matchstick,1
3108,bob,1
3109,treat,1
3110,Crispy,1
3111,incestor,1
3112,hiccup,1
3113,truckload,1
3114,Cow,1
3115,hillary,1
3116,Pietro,1
3117,lynch,1
3118,cheerleading,1
3119,holla,1
3120,15th,1
3121,April,1
3122,inauguration,1
3123,THERES,1
3124,Wayne,1
3125,Forces,1
3126,Special,1
3127,fidget,1
3128,asylum,1
3129,Grande,1
3130,Ariana,1
3131,mama,1
3132,fbi,1
3133,Gruppenkommando,1
3134,sleeping,1
3135,stache,1
3136,tow,1
3137,radiation,1
3138,medicine,1
3139,laughter,1
3140,sentient,1
3141,Spy,1
3142,Sturmabteilung,1
3143,cricket,1
3144,ironing,1
3145,kentucky,1
3146,Goldfish,1
3147,Patrick,1
3148,tone,1
3149,start,1
3150,Celebrate,1
3151,History,1
3152,COCK,1
3153,OFF,1
3154,UN,1
3155,toll,1
3156,70,1
3157,Decent,1
3158,iman,1
3159,terminator,1
3160,Ellen,1
3161,Degeneres,1
3162,assembly,1
3163,ceiling,1
3164,Good,1
3165,Ghost,1
3166,datum,1
3167,Slow,1
3168,genocide,1
3169,flute,1
3170,drum,1
3171,Damn,1
3172,Hedgehog,1
3173,noose,1
3174,Area,1
3175,Storm,1
3176,Operatives,1
3177,whiter,1
3178,Sauce,1
3179,sake,1
3180,flash,1
3181,care,1
3182,Francesco,1
3183,episode,1
3184,acid,1
3185,Edinburgh,1
3186,supremist,1
3187,Emmett,1
3188,poster,1
3189,adhd,1
3190,Acid,1
3191,divide,1
3192,sutry,1
3193,embrace,1
3194,Kerry,1
3195,pos,1
3196,access,1
3197,Rihanna,1
3198,west,1
3199,jihadi,1
3200,torture,1
3201,sprinkler,1
3202,republic,1
3203,Education,1
3204,moose,1
3205,Tarts,1
3206,ranger,1
3207,matzah,1
3208,talmudist,1
3209,mortar,1
3210,sphynx,1
3211,tanning,1
3212,jewelry,1
3213,Mein,1
3214,Bang,1
3215,Theory,1
3216,sacrifice,1
3217,retrod,1
3218,checkbook,1
3219,mubarak,1
3220,Cooker,1
3221,freshener,1
3222,godzilla,1
3223,booby,1
3224,record,1
3225,Western,1
3226,Bikers,1
3227,Trojan,1
3228,Horse,1
3229,Jaws,1
3230,floatation,1
3231,promotion,1
3232,Sheen,1
3233,Charley,1
3234,moisturizer,1
3235,apocalypse,1
3236,press,1
3237,messiah,1
3238,savior,1
3239,film,1
3240,lecture,1
3241,m,1
3242,dustbin,1
3243,garment,1
3244,export,1
3245,Stopped,1
3246,bookstore,1
3247,scar,1
3248,blower,1
3249,liquor,1
3250,Genitalia,1
3251,courthouse,1
3252,Indian,1
3253,azionist,1
3254,thread,1
3255,pee,1
3256,cabinet,1
3257,hunting,1
3258,Cat,1
3259,Jermaine,1
3260,cherry,1
3261,kickboard,1
3262,tinder,1
3263,ton,1
3264,paddleboard,1
3265,welcome,1
3266,oppressor,1
3267,Kaepernick,1
3268,Colin,1
3269,lifer,1
3270,marijuana,1
3271,cheerio,1
3272,bonding,1
3273,Father,1
3274,Amazon,1
3275,Box,1
3276,Arcs,1
3277,weather,1
3278,bonfire,1
3279,dalmatian,1
3280,Whale,1
3281,pedo,1
3282,supercoon,1
3283,empire,1
3284,jusse,1
3285,smollett,1
3286,aux,1
3287,genealogy,1
3288,carrier,1
3289,k,1
3290,imao,1
3291,conspiracy,1
3292,EUROPEAN,1
3293,waiting,1
3294,Service,1
3295,falcon,1
3296,response,1
3297,skyline,1
3298,1940,1
3299,chomie,1
3300,campground,1
3301,coal,1
3302,monday,1
3303,Onassis,1
3304,Jacqueline,1
3305,Barak,1
3306,Cop,1
3307,saline,1
3308,Glass,1
3309,Satan,1
3310,challenger,1
3311,fee,1
3312,nader,1
3313,Cash,1
3314,brit,1
3315,nasa,1
3316,crisper,1
3317,zionist,1
3318,stool,1
3319,megaphone,1
3320,Gudako,1
3321,railroad,1
3322,environmentalist,1
3323,ammos,1
3324,Ali,1
3325,Me,1
3326,Ban,1
3327,Them,1
3328,chipmunk,1
3329,Rhinos,1
3330,novel,1
3331,ate,1
3332,pastor,1
3333,Melon,1
3334,aman,1
3335,Chewb,1
3336,tan,1
3337,Selfie,1
3338,Avenatti,1
3339,Report,1
3340,Muellers,1
3341,Woman,1
3342,Lesbian,1
3343,troll,1
3344,rs,1
3345,harbor,1
3346,Detroit,1
3347,queer,1
3348,mense,1
3349,cartoon,1
3350,obedience,1
3351,Him,1
3352,Orcs,1
3353,gt3,1
3354,Impedes,1
3355,champion,1
3356,kehstinhaus,1
3357,parisite,1
3358,Himmler,1
3359,qu'ran,1
3360,Los,1
3361,Angeles,1
3362,Apocalypse,1
3363,spin,1
3364,sama,1
3365,dysphoria,1
3366,hose,1
3367,twister,1
3368,scotch,1
3369,brunchdate,1
3370,Weekend,1
3371,turd,1
3372,israelite,1
3373,yo,1
3374,Varadkar,1
3375,salad,1
3376,tacos,1
3377,wagon,1
3378,registry,1
3379,freeman,1
3380,Summer,1
3381,petit,1
3382,journal,1
3383,Cheese,1
3384,quokka,1
3385,lobster,1
3386,handfull,1
3387,wasp,1
3388,patriarchy,1
3389,bieber,1
3390,act,1
3391,peer,1
3392,Waterboy,1
3393,Bidens,1
3394,campaign,1
3395,carcass,1
3396,will,1
3397,hut,1
3398,Neighbors,1
3399,nimbler,1
3400,republican,1
3401,dojo,1
3402,Republic,1
3403,creature,1
3404,constellation,1
3405,trine,1
3406,dudette,1
3407,venus,1
3408,Statues,1
3409,roadhouse,1
3410,bale,1
3411,ladeen,1
3412,seahorse,1
3413,trowel,1
3414,contract,1
3415,Destroy,1
3416,Diversity,1
3417,Uniqueness,1
3418,Culture,1
3419,hay,1
3420,sw,1
3421,scraper,1
3422,professor,1
3423,philosophy,1
3424,muh,1
3425,Leo,1
3426,seek,1
3427,dryer,1
3428,impediment,1
3429,thon,1
3430,Joseph,1
3431,distance,1
3432,Humidity,1
3433,protein,1
3434,yp,1
3435,Demos,1
3436,sarafina,1
3437,option,1
3438,con,1
3439,hound,1
3440,frritz,1
3441,mer,1
3442,britney,1
3443,Method,1
3444,airsoft,1
3445,Non,1
3446,dip,1
3447,mushroom,1
3448,European,1
3449,leavs,1
3450,Ham,1
3451,thicc,1
3452,Maps,1
3453,coming,1
3454,nemo,1
3455,Taliban,1
3456,Mel,1
3457,Gibson,1
3458,Guy,1
3459,making,1
3460,ala,1
3461,trans,1
3462,batman,1
3463,Meawhile,1
3464,string,1
3465,yarn,1
3466,running,1
3467,sle,1
3468,help,1
3469,african,1
3470,congresswoman,1
3471,politic,1
3472,migrant,1
3473,wakanda,1
3474,kite,1
3475,shoulda,1
3476,Jerners,1
3477,factory,1
3478,plumber,1
3479,Latinos,1
3480,reach,1
3481,comfort,1
3482,cornfield,1
3483,participant,1
3484,cucumber,1
3485,Bruce,1
3486,Frid,1
3487,Auburn,1
3488,tournament,1
3489,savannah,1
3490,foreground,1
3491,cable,1
3492,Pot,1
3493,hippopotamus,1
3494,z,1
3495,8),1
3496,Grandmas,1
3497,stephan,1
3498,hero,1
3499,Pavement,1
3500,beating,1
3501,Windmill,1
3502,Nuns,1
3503,globe,1
3504,Smart,1
3505,loaf,1
3506,Booth,1
3507,Wilkes,1
3508,treason,1
3509,compliance,1
3510,SS-,1
3511,sausage,1
3512,legging,1
3513,skill,1
3514,nah,1
3515,Ferris,1
3516,oscar,1
3517,gravy,1
3518,biscuit,1
3519,Hands,1
3520,Wildfire,1
3521,dope,1
3522,mumm,1
3523,Fuhrer,1
3524,Malcom,1
3525,green,1
3526,syrup,1
3527,restriction,1
3528,age,1
3529,Metalhead,1
3530,iphone,1
3531,soybean,1
3532,shoot,1
3533,testis,1
3534,masturbation,1
3535,Rivers,1
3536,Joan,1
3537,bull,1
3538,schaat,1
3539,libby,1
3540,Oakland,1
3541,proof,1
3542,landfill,1
3543,MYTHES,1
3544,cooch,1
3545,hazard,1
3546,rider,1
3547,suffering,1
3548,Sasquatch,1
3549,orphan,1
3550,realist,1
3551,Dark,1
3552,Humor,1
3553,cranka,1
3554,magic,1
3555,Ronda,1
3556,Rousey,1
3557,genius,1
3558,super,1
3559,closet,1
3560,linkedin,1
3561,recruitment,1
3562,talking,1
3563,umbrella,1
3564,pickaxe,1
3565,wheelbarrow,1
3566,peeler,1
3567,overhead,1
3568,Equipment,1
3569,cut,1
3570,fiddler,1
3571,Mass,1
3572,Pancakes,1
3573,valium,1
3574,burn,1
3575,sta,1
3576,fund,1
3577,handkerchief,1
3578,dickhead,1
3579,shampoo,1
3580,Popcorn,1
3581,divider,1
3582,temptation,1
3583,peep,1
3584,boundary,1
3585,Bitch,1
3586,vr,1
3587,andrew,1
3588,mccabe,1
3589,Capitol,1
3590,Coming,1
3591,emergency,1
3592,venezuela,1
3593,pal,1
3594,Rain,1
3595,ireland,1
3596,re,1
3597,israel,1
3598,generalization,1
3599,wtf,1
3600,Stones,1
3601,infinity,1
3602,albino,1
3603,bachelor,1
3604,grandson,1
3605,dirty,1
3606,Library,1
3607,transsexual,1
3608,collection,1
3609,Intelligence,1
3610,Marines,1
3611,danish,1
3612,goll,1
3613,sticker,1
3614,caterpillar,1
3615,grater,1
3616,urny,1
3617,Regains,1
3618,cannon,1
3619,Transfats,1
3620,spook,1
3621,kimberometer,1
3622,ADD,1
3623,Sussex,1
3624,FELICIA,1
3625,title,1
3626,credit,1
3627,baha'i,1
3628,Follow,1
3629,guzheng,1
3630,Levant,1
3631,erection,1
3632,memoir,1
3633,HOMEWORK,1
3634,blackview,1
3635,misogyny,1
3636,ceremony,1
3637,muhammad,1
3638,doorway,1
3639,Abulilla,1
3640,tutor,1
3641,Outta,1
3642,radicalization,1
3643,Comedy,1
3644,Schwaenzinger,1
3645,link,1
3646,bravery,1
3647,aye,1
3648,West,1
3649,Kanye,1
3650,liar,1
3651,Shatner,1
3652,Willam,1
3653,Arno,1
3654,irony,1
3655,WYLD,1
3656,ZAKK,1
3657,Narrative,1
3658,lightning,1
3659,Michellle,1
3660,Australia,1
3661,parliament,1
3662,plunger,1
3663,Jong,1
3664,mediterranean,1
3665,interaction,1
3666,Congo,1
3667,property,1
3668,parkinson,1
3669,marry,1
3670,filter,1
3671,hunger,1
3672,Piece,1
3673,Transphobia,1
3674,willpower,1
3675,anaconda,1
3676,tutu,1
3677,indonesia,1
3678,amount,1
3679,Iraq,1
3680,elephant,1
3681,b,1
3682,aftermath,1
3683,thigh,1
3684,Thi,1
3685,Chick,1
3686,commercial,1
3687,o,1
3688,Em,1
3689,er,1
3690,fed,1
3691,walrus,1
3692,anonconda,1
3693,lung,1
3694,ash,1
3695,Hula,1
3696,puddle,1
3697,strawberry,1
3698,recording,1
3699,haircut,1
3700,alabama,1
3701,Alabama,1
3702,chloroform,1
3703,teap,1
3704,alligator,1
3705,surgeon,1
3706,auburn,1
3707,Mandelorian,1
3708,Work,1
3709,Qur'an,1
3710,ayega,1
3711,dance,1
3712,pakistan,1
3713,claim,1
3714,lagoon,1
3715,telephone,1
3716,invasion,1
3717,partner,1
3718,Suicide,1
3719,Squad,1
3720,Nesfarrar,1
3721,slap,1
3722,mad,1
3723,auto,1
3724,riot,1
3725,chigga,1
3726,forklift,1
3727,Fidget,1
3728,HANS,1
3729,user,1
3730,meditation,1
3731,identity,1
3732,transgendering,1
3733,USA,1
3734,prediction,1
3735,exchange,1
3736,extension,1
3737,Users,1
3738,saying,1
3739,jihadsquad,1
3740,Whippo,1
3741,pro,1
3742,Kitchen,1
3743,alcoholic,1
3744,necrohilic,1
3745,melbournian,1
3746,culturalism,1
3747,balloon,1
3748,Amonte,1
3749,alternative,1
3750,chong,1
3751,islamophobia,1
3752,behaviour,1
3753,Species,1
3754,Seawavers,1
3755,Sasha,1
3756,Fr,1
3757,Warthog,1
3758,latex,1
3759,TRANSPOSITION,1
3760,WILLIAMS,1
3761,WENDY,1
3762,Para,1
3763,dalek,1
3764,handling,1
3765,Comey,1
3766,James,1
3767,raisist,1
3768,jazz,1
3769,travel,1
3770,tigger,1
3771,winnie,1
3772,Fucking,1
3773,Core,1
3774,Common,1
3775,lbs,1
3776,scout,1
3777,nugina,1
3778,smudge,1
3779,Rubik,1
3780,Hope,1
3781,Imminity,1
3782,chili,1
3783,salsa,1
3784,Tortilla,1
3785,Homies,1
3786,komodo,1
3787,Tea,1
3788,caravan,1
3789,hug,1
3790,Evans,1
3791,Chris,1
3792,progress,1
3793,Squirrels,1
3794,Guess,1
3795,defendant,1
3796,jury,1
3797,brake,1
3798,Backwash,1
3799,swan,1
3800,texas,1
3801,Brick,1
3802,item,1
3803,Libertarians,1
3804,Mini,1
3805,Cooper,1
3806,center,1
3807,DISHWASHER,1
3808,fridge,1
3809,Jeremy,1
3810,Corbyn,1
3811,OOPS,1
3812,Sucks,1
3813,corset,1
3814,Doctor,1
3815,badge,1
3816,Virgo,1
3817,krispie,1
3818,KANYE,1
3819,disappointment,1
3820,Kenya,1
3821,Necrophilia,1
3822,ocasio,1
3823,alexander,1
3824,sense,1
3825,tile,1
3826,Blowjob,1
3827,york,1
3828,harvester,1
3829,combine,1
3830,personality,1
3831,broomstick,1
3832,reactor,1
3833,haystack,1
3834,Arrest,1
3835,hitter,1
3836,soro,1
3837,Rate,1
3838,skimmermark,1
3839,mueller,1
3840,report,1
3841,Hijab,1
3842,communication,1
3843,bulb,1
3844,la,1
3845,george,1
3846,Yo,1
3847,Dawg,1
3848,dada,1
3849,taliban,1
3850,israelites,1
3851,Christianity,1
3852,Alhamdulillah,1
3853,exact,1
3854,pd,1
3855,canary,1
3856,f*ckkn*tkn*t*t*t*t*t*t*t*t*t*t*t*t*t*t*t*t*t*t*t*t*t*t*t*t*t*t*t*t*t*t*t*t*t*t*t*t*t,1
3857,summary,1
3858,cortez,1
3859,convention,1
3860,beanie,1
3861,backlive,1
3862,ramadan,1
3863,rand,1
3864,frying,1
3865,dike,1
3866,Addo,1
3867,Nana,1
3868,mein,1
3869,Pence,1
3870,pepper,1
3871,spray,1
3872,cent,1
3873,samuel,1
3874,Deport,1
3875,collector,1
3876,jar,1
3877,caramel,1
3878,Mike,1
3879,Barbie,1
3880,mum,1
3881,Gift,1
3882,Packages,1
3883,Impeach,1
3884,Islamaphobe,1
3885,muffet,1
3886,tuffet,1
3887,individual,1
3888,destruction,1
3889,pedestrian,1
3890,michelle,1
3891,lawmaker,1
3892,slide,1
3893,wheatie,1
3894,iran,1
3895,therapist,1
3896,conversion,1
3897,Slips,1
3898,harness,1
3899,camper,1
3900,schooler,1
3901,pre,1
3902,c-,1
3903,Pizza,1
3904,electricity,1
3905,healthcare,1
3906,mapporn,1
3907,emotion,1
3908,scimitar,1
3909,exporter,1
3910,Cold,1
3911,C,1
3912,mugshot,1
3913,braid,1
3914,try,1
3915,equality,1
3916,justice,1
3917,barbecue,1
3918,shutter,1
3919,Blockbuster,1
3920,concert,1
3921,Psychosis,1
3922,Delusional,1
3923,jokin,1
3924,mower,1
3925,lemonade,1
3926,gadget,1
3927,eternity,1
3928,Queers,1
3929,network,1
3930,Nations,1
3931,Kingdom,1
3932,share,1
3933,lukewarm,1
3934,Honesty,1
3935,indoor,1
3936,restoration,1
3937,grey,1
3938,psychoanalysis,1
3939,j,1
3940,pigeon,1
3941,hello,1
3942,brenton,1
3943,taran,1
3944,bbc,1
3945,nephson,1
3946,stormtrooper,1
3947,Logos,1
3948,demchromone,1
3949,repair,1
3950,MAGA,1
3951,Muppets,1
3952,Dream,1
3953,Daddy,1
3954,imhahasho,1
3955,caramti,1
3956,oreo,1
3957,bust,1
3958,examination,1
3959,optimist,1
3960,pessimist,1
3961,nike,1
3962,po,1
3963,artist,1
3964,tingle,1
3965,tag,1
3966,British,1
3967,Socialism,1
3968,Andy,1
3969,housing,1
3970,Breastfed,1
3971,unimammal,1
3972,diarrhea,1
3973,Amsterdam,1
3974,Hamsterdam,1
3975,WEST,1
3976,MEN,1
3977,r,1
3978,National,1
3979,protestant,1
3980,Harambe,1
3981,deez,1
3982,vineyard,1
3983,Boy,1
3984,dwarfism,1
3985,spongeb,1
3986,Liberalism,1
3987,passport,1
3988,baaaaaaaaaaaaaaaaaaaaaaaaaaaaaaaaaaaaaaaaaaaaaaaaaaaaaaaaaaaaaaaaaaaaaaaaaaaaaaaaaaaaaaaaaaaaaaaaaaaaaaaaaaaaaaaaaaaaaaaaaaaaaaaaaaaaaaaaaaaaaaaaaaaaaaaaaaaaaaaaaaaaaaaaaaaaaaaaaaaaaaaaaaaaaaaaaaaaaaaaaaaaaaaaaaaaaaaaaaaaaaaaaaaaaaaaaaaaaaaaaaaaaaaaaaaaaaaaaaaaaaaaaaaaaaaaaaaaaaaaaaaaaaaaaaaaaaaaaaaaaaaaaaaaaaaaaaaaaaaaaaaaaaaaaaaaaaaaaaaa,1
3989,crystal,1
3990,pharmaceutical,1
3991,Cannabis,1
3992,vehicle,1
3993,forty,1
3994,Chloride,1
3995,mayo,1
3996,Drill,1
3997,hulk,1
3998,Odin,1
3999,robbery,1
4000,Gurus,1
4001,giant,1
4002,indianapolis,1
4003,specie,1
4004,Irony,1
4005,Meter,1
4006,Copypasta,1
4007,movement,1
4008,page,1
4009,lemonaid,1
4010,Person,1
4011,warrant,1
4012,innocent,1
4013,protocol,1
4014,acceptance,1
4015,individuality,1
4016,entry,1
4017,scrub,1
4018,supper,1
4019,Morpheus,1
